City,Weights,bias,mean,std
Ahmedabad,"[3783232.3, 12611332, -1503293.2, 2352933.1, 46485.212]",19169008.594826445,"[3.2198276, 1964.4871, 0.89224138, 0.038793103, 0.068965517]","[0.89488198, 1457.6218, 0.31007531, 0.19310152, 0.25339549]"
